{
  "milvus_release_version": "2.4.5",
  "milvus_release_tag": "2.4.5",
  "milvus_deb_name": "milvus_2.2.0-1_amd64",
  "milvus_rpm_name": "milvus-2.2.0-1.el7.x86_64",
  "milvus_python_sdk_version": "2.4.x",
  "milvus_python_sdk_real_version": "2.4.4",
  "milvus_node_sdk_version": "2.4.x",
  "milvus_node_sdk_real_version": "v2.4.3",
  "milvus_go_sdk_version": "2.3.x",
  "milvus_go_sdk_real_version": "2.4.0",
  "milvus_java_sdk_version": "2.4.x",
  "milvus_java_sdk_real_version": "2.4.1",
  "milvus_csharp_sdk_version": "2.2.x",
  "milvus_csharp_sdk_real_version": "2.2.14", 
  "milvus_restful_sdk_version": "2.4.x",
  "milvus_restful_sdk_real_version": "2.4.1",
  "milvus_operator_version": "0.9.17",
  "milvus_helm_chart_version": "4.1.24",
  "milvus_image": "2.4.1",
  "attu_release": "2.3.10",
  "milvus_backup_release": "0.4.12",
  "birdwatcher_release": "1.0.3"
}
